{"values": [-0.1823244464, -0.9315715368, 0.2212397014, -0.0502618776, -0.4875666821, -0.1823244464, 0.0, -0.3135133437], "key": 1}